,link,name
0,https://www.manythings.org/vocabulary/lists/a/words.php?f=adjectives_for_people_1,Adjectives for People
1,https://www.manythings.org/vocabulary/lists/a/words.php?f=adverbs_of_time_1,Adverbs of Time
2,https://www.manythings.org/vocabulary/lists/a/words.php?f=animals_1,Animals
3,https://www.manythings.org/vocabulary/lists/a/words.php?f=bank_1,Bank
4,https://www.manythings.org/vocabulary/lists/a/words.php?f=baseball_1,Baseball
5,https://www.manythings.org/vocabulary/lists/a/words.php?f=body_1,Body
6,https://www.manythings.org/vocabulary/lists/a/words.php?f=buildings_1,Buildings and Places
7,https://www.manythings.org/vocabulary/lists/a/words.php?f=car_parts_us_1,Car Parts (US)
8,https://www.manythings.org/vocabulary/lists/a/words.php?f=city_1,City
9,https://www.manythings.org/vocabulary/lists/a/words.php?f=classroom_1,Classroom
10,https://www.manythings.org/vocabulary/lists/a/words.php?f=clothes_1,Clothes
11,https://www.manythings.org/vocabulary/lists/a/words.php?f=colors-1,The Basic Colors (American Spellings)
12,https://www.manythings.org/vocabulary/lists/a/words.php?f=colours-1,The Basic Colours (British Spellings)
13,https://www.manythings.org/vocabulary/lists/a/words.php?f=cooking_1,Cooking
14,https://www.manythings.org/vocabulary/lists/a/words.php?f=days_of_the_week,Days of the Week
15,https://www.manythings.org/vocabulary/lists/a/words.php?f=desserts_1,Desserts
16,https://www.manythings.org/vocabulary/lists/a/words.php?f=dinner_table_1,Dinner Table
17,https://www.manythings.org/vocabulary/lists/a/words.php?f=family_members,Family Members
18,https://www.manythings.org/vocabulary/lists/a/words.php?f=fruit_1,Fruit
19,https://www.manythings.org/vocabulary/lists/a/words.php?f=geography_1,Geography
20,https://www.manythings.org/vocabulary/lists/a/words.php?f=house_1,House
21,https://www.manythings.org/vocabulary/lists/a/words.php?f=months,Months
22,https://www.manythings.org/vocabulary/lists/a/words.php?f=numbers_1-10,Numbers 1-10
23,https://www.manythings.org/vocabulary/lists/a/words.php?f=numbers_1-20,Numbers 1-20
24,https://www.manythings.org/vocabulary/lists/a/words.php?f=restaurant_1,Restaurant
25,https://www.manythings.org/vocabulary/lists/a/words.php?f=tools_1,Tools
26,https://www.manythings.org/vocabulary/lists/a/words.php?f=transportation_1,Transportation
27,https://www.manythings.org/vocabulary/lists/a/words.php?f=vegetables_1,Vegetables
28,https://www.manythings.org/vocabulary/lists/a/words.php?f=weather-2,Weather
