Part of speech,Rank,English translation,Russian word
conjunction,1.,"and, though",и 
preposition,2. ,"in, at",в 
particle,3. ,not,не 
pronoun,4. ,he,он 
preposition,5. ,"on, it, at, to",на 
pronoun,6. ,I,я 
"сonjunction, pronoun",7. ,"what, that, why",что 
"adjective, pronoun",8. ,that,тот 
verb,9. ,to be,быть 
preposition,10. ,"with, and, from, of",с 
conjunction,11. ,"while, and, but",а 
"pron, noun",12. ,"all, everything",весь 
pronoun,13. ,"that, this, it",это 
"adverb, conj",14. ,"how, what, as, like",как 
pronoun,15. ,she,она 
preposition,16. ,"on, along, by",по 
"conjunction, noun",17. ,but,но 
pronoun,18. ,they,они 
preposition,19. ,"to, for, by",к 
preposition,20. ,"by, with, of",у 
pronoun,21. ,"you, thou",ты 
preposition,22. ,"from, of, in",из 
pronoun,23. ,we,мы 
preposition,24. ,"behind, over, at, after",за 
pronoun,25. ,you,вы 
adverb,26. ,"so, thus, then",так 
"conj, particle",27. ,"and, as for, but, same",же 
preposition,28. ,"from, of, for",от 
verb,29. ,"to say, to speak",сказать 
pronoun,30. ,this,этот 
pronoun,31. ,"which, who, that",который 
verb,32. ,be able,мочь 
noun,33. ,"man, person",человек 
preposition,34. ,"of, about, against",о 
"cardinal number, pronoun",35. ,"one, some, alone",один 
adverb,36. ,"still, yet",ещё 
particle,37. ,would,бы 
pronoun,38. ,"such, so, some",такой 
"adverb, conj",39. ,"only, merely, but",только 
"pron, particle",40. ,"myself, himself, herself",себя 
"pronoun, noun",41. ,"one's own, my, our",своё 
pronoun,42. ,"what, which, how",какой 
"adverb, conj",43. ,"when, while, as",когда 
adverb,44. ,"already, by now",уже 
preposition,45. ,"for, to",для 
particle,46. ,"here, there, this is, that's",вот 
pronoun,47. ,"who, that, some",кто 
"conj, particle",48. ,"yes, but",да 
verb,49. ,"to say, to tell, to speak",говорить 
noun,50. ,year,год 
Part of speech,Rank ,English translation  ,Russian word  
verb,51. ,"to know, be aware","
знать "
pronoun,52. ,"my, mine",мой 
preposition,53. ,"to, up to, about, before",до 
conjunction,54. ,or,или 
conjunction,55. ,if,если 
noun,56. ,"time, season",время 
noun,57. ,"hand, arm",рука 
negation,58. ,"no, not, but",нет 
pronoun,59. ,"most, the very, the same",самый 
"conj, particle",60. ,"not a, not, neither… nor",ни 
verb,61. ,"to become, begin, come",стать 
adjective,62. ,"big, large, important",большой 
particle,63. ,even,даже 
pronoun,64. ,"other, another, different",другой 
pronoun,65. ,"our, ours",наш 
pronoun,66. ,"my, our, your",свой 
"interj, particle",67. ,"now, right, well, come on",ну 
preposition,68. ,"under, for, towards, to",под 
adverb,69. ,where,где 
noun,70. ,"business, affair, matter",дело 
verb,71. ,"to eat, to be",есть 
pronoun,72. ,"myself, yourself",сам 
"noun, adverb",73. ,"time, once, since",раз 
"conjunction, particle",74. ,"that, in order that",чтобы 
cardinal number,75. ,two,два 
adverb,76. ,"there, then",там 
"conjunction, particle",77. ,than; instead of,чем 
noun,78. ,eye; sight,глаз 
noun,79. ,life,жизнь 
"adjective, number",80. ,"first, front, former",первый 
noun,81. ,day,день 
adverb,82. ,"here, now, then",тут 
"preposition, particle",83. ,"in, at; super, exactly",во 
pronoun,84. ,nothing,ничто 
adverb,85. ,"afterwards, then",потом 
adverb,86. ,very,очень 
preposition,87. ,with,со 
verb,88. ,"to want, like",хотеть 
"conj, particle",89. ,"whether, if",ли 
preposition,90. ,"attached to, in the presence of, by, about; masterrussian, dot com",при 
noun,91. ,"head, mind, brains",голова 
"prep, verb",92. ,"over, above, ought to",надо 
preposition,93. ,without,без 
verb,94. ,to see,видеть 
verb,95. ,"to go, come",идти 
adverb,96. ,"now, nowadays",теперь 
adverb,97. ,"also, as well, too",тоже 
verb,98. ,"to stand, be, stand up",стоять 
noun,99. ,friend,друг 
noun,100. ,"house, home",дом 
Part of speech,Rank ,English translation      ,Russian word  
adverb,101. ,"now, presently, soon",сейчас 
predicate,102. ,one can,можно 
preposition,103. ,"after, afterwards",после 
noun,104. ,word,слово 
adverb,105. ,here,здесь 
verb,106. ,to think; believe,думать 
noun,107. ,place; seat,место 
verb,108. ,to ask,спросить 
preposition,109. ,"through, across",через 
noun,110. ,face; person,лицо 
pronoun,111. ,"what, which, that",что 
adverb,112. ,then,тогда 
conj,113. ,"you see, you know",ведь 
adjective,114. ,"good, nice (see #152)",хороший 
pronoun,115. ,"each, every",каждый 
adjective,116. ,new; modern,новый 
verb,117. ,to live,жить 
adjective,118. ,"due, proper",должный 
verb,119. ,"to look, watch",смотреть 
adverb,120. ,why,почему 
adverb,121. ,that's why,потому 
noun,122. ,"side, party",сторона 
adverb,123. ,simply,просто 
noun,124. ,"foot, leg",нога 
verb,125. ,to sit,сидеть 
verb,126. ,to understand; realize,понять 
verb,127. ,"to have, own",иметь 
adjective,128. ,"final, last",конечный 
verb,129. ,"to do, make",делать 
adverb,130. ,suddenly,вдруг 
preposition,131. ,"above, over",над 
verb,132. ,to take,взять 
pronoun,133. ,nobody,никто 
verb,134. ,"to do, make, finish",сделать 
noun,135. ,door,дверь 
preposition,136. ,"before, in front of",перед 
adjective,137. ,necessary,нужный 
verb,138. ,to understand,понимать 
verb,139. ,"to seem, appear; masterrussian, dot com",казаться 
noun,140. ,"work, job",работа 
cardinal number,141. ,three,три 
pronoun,142. ,yours,ваш 
"adverb,  particle",143. ,"really, already",уж 
noun,144. ,"earth, land, soil",земля 
noun,145. ,"end, distance",конец 
adverb,146. ,"several, some",несколько 
noun,147. ,"hour, time",час 
noun,148. ,voice,голос 
noun,149. ,"town, city",город 
adjective,150. ,"last, the latest, new",последний 
Part of speech,Rank ,English translation  ,Russian word  
adverb,151. ,for the present,пока 
adverb,152. ,well (see #114),хорошо 
verb,153. ,"to give; let, allow",давать 
noun,154. ,water,вода 
adverb,155. ,more,более 
conjunction,156. ,although,хотя 
adverb,157. ,always,всегда 
ordinal number,158. ,second,второй 
adverb,159. ,"where, what for, much",куда 
verb,160. ,to go,пойти 
noun,161. ,"table, desk; board",стол 
noun,162. ,"child, kid, infant",ребёнок 
verb,163. ,to see,увидеть 
noun,164. ,"strength, force",сила 
noun,165. ,father (see #918),отец 
noun,166. ,woman,женщина 
noun,167. ,"car, machine, engine",машина 
noun,168. ,"case, occasion, incident",случай 
noun,169. ,night,ночь 
adverb,170. ,"at once, right away, just",сразу 
noun,171. ,"world, peace",мир 
adverb,172. ,"quite, entirely, totally",совсем 
verb,173. ,"to remain, stay (see #297)",остаться 
preposition,174. ,"about, of (see #34)",об 
noun,175. ,"appearance, look, view",вид 
verb,176. ,"to go out, come out, appear",выйти 
verb,177. ,"to give; masterrussian, dot com",дать 
verb,178. ,to work,работать 
verb,179. ,to love,любить 
adjective,180. ,old,старый 
adverb,181. ,almost,почти 
noun,182. ,"row, line",ряд 
verb,183. ,"find oneself, turn out",оказаться 
noun,184. ,"beginning, origin, source",начало 
pronoun,185. ,"your, yours (informal)",твой 
noun,186. ,"question, matter, problem",вопрос 
adverb,187. ,"many, much (see #799)",много 
noun,188. ,war,война 
adverb,189. ,again,снова 
verb,190. ,"to answer, reply (see #404)",ответить 
preposition,191. ,"between, among",между 
verb,192. ,to think,подумать 
adverb,193. ,again,опять 
adjective,194. ,white,белый 
noun,195. ,money,деньги 
verb,196. ,"to mean,  signify",значить 
preposition,197. ,"about, for",про 
"adverb, conj",198. ,"only, as soon as",лишь 
noun,199. ,"minute, moment",минута 
noun,200. ,wife,жена 
Part of speech,Rank ,English translation  ,Russian word  
verb,201. ,"to take a look, watch, inspect",посмотреть 
noun,202. ,truth,правда 
adjective,203. ,"main, chief",главный 
noun,204. ,country,страна 
noun,205. ,light;world,свет 
verb,206. ,to wait,ждать 
noun,207. ,mother,мать 
conjunction,208. ,"as if, as though",будто 
adverb,209. ,never,никогда 
noun,210. ,"comrade, friend",товарищ 
noun,211. ,"road, way, journey",дорога 
"conj,  misc",212. ,"however, though",однако 
verb,213. ,"to lie, be situated",лежать 
misc,214. ,"namely, just",именно 
noun,215. ,"window, windowsill",окно 
pronoun,216. ,"no, none",никакой 
verb,217. ,"to find, discover, consider",найти 
verb,218. ,to write,писать 
noun,219. ,a room,комната 
noun,220. ,Moscow,Москва 
noun,221. ,"part, share, department",часть 
adverb,222. ,"in general, altogether, on the whole",вообще 
noun,223. ,a book,книга 
adjective,224. ,"small, little",маленький 
noun,225. ,"street; masterrussian, dot com",улица 
verb,226. ,"to decide, solve",решить 
adjective,227. ,"distant, remote",далекий 
noun,228. ,"soul, spirit",душа 
adverb,229. ,"hardly, slightly",чуть 
verb,230. ,to return,вернуться 
noun,231. ,morning,утро 
pronoun,232. ,some,некоторый 
verb,233. ,"to count, consider",считать 
cardinal,234. ,"how much, how many",сколько 
verb,235. ,to remember,помнить 
noun,236. ,evening,вечер 
noun,237. ,floor; sex,пол 
particle,238. ,after all,таки 
verb,239. ,"to receive, get, obtain",получить 
noun,240. ,"people, nation",народ 
noun,241. ,"shoulder, upper arm",плечо 
conjunction,242. ,"even, if you want, though",хоть 
adverb,243. ,today,сегодня 
noun,244. ,god,бог 
adverb,245. ,together,вместе 
noun,246. ,"look, glance; view",взгляд 
verb,247. ,"to go, walk",ходить 
adverb,248. ,"what for, why",зачем 
adjective,249. ,Soviet,советский 
adjective,250. ,Russian,русский 
verb,251. ,"be, visit, happen",бывать 
adj,252. ,"full, complete",полный 
verb,253. ,"to come, arrive (see #464)",прийти 
noun,254. ,"finger, toe",палец 
noun,255. ,Russia,Россия 
pronoun,256. ,"any, every",любой 
noun,257. ,"history, story, event",история 
adverb,258. ,"at last, finally",наконец 
noun,259. ,"thought, idea",мысль 
verb,260. ,"to know, learn, recognize",узнать 
adverb,261. ,"back, backwards",назад 
adjective,262. ,"general, common",общий 
verb,263. ,"to notice, observe",заметить 
conjunction,264. ,"as if, like",словно 
adjective,265. ,past,прошлый 
verb,266. ,"to leave, go away",уйти 
adjective,267. ,"well-known, famous",известный 
adverb,268. ,long ago,давно 
verb,269. ,to hear,слышать 
verb,270. ,"to listen, hear",слушать 
verb,271. ,"to be afraid, fear",бояться 
noun,272. ,son,сын 
predicate,273. ,"it is impossible, can't",нельзя 
adverb,274. ,"straight, frankly",прямо 
adverb,275. ,for a long time,долго 
adverb,276. ,"fast, quickly",быстро 
noun,277. ,forest,лес 
adjective,278. ,"similar, alike",похожий 
noun,279. ,time; pore (see #1000),пора 
cardinal number,280. ,five,пять 
verb,281. ,"to look,  gaze",глядеть 
pronoun,282. ,it,оно 
verb,283. ,to sit,сесть 
noun,284. ,name,имя 
misc,285. ,"and, as for, but (see #27)",ж 
noun,286. ,"talk, conversation",разговор 
noun,287. ,body,тело 
adjective,288. ,young (see #679); bridegroom (as a noun),молодой 
noun,289. ,wall,стена 
adjective,290. ,red,красный 
verb,291. ,to read,читать 
noun,292. ,right,право 
noun,293. ,old man,старик 
adjective,294. ,early,ранний 
misc (impersonal),295. ,"want, like",хотеться 
noun,296. ,"mummy, mum",мама 
verb,297. ,"to remain, stay (see #173)",оставаться 
adjective,298. ,"tall, high",высокий 
noun,299. ,"way, track, path",путь 
adverb,300. ,therefore,поэтому 
Part of speech,Rank ,English translation  ,Russian word  
adverb,301. ,"absolutely, quite",совершенно 
preposition,302. ,"except, besides",кроме 
cardinal number,303. ,a thousand,тысяча 
noun,304. ,month,месяц 
verb,305. ,to take; hire,брать 
verb,306. ,to write,написать 
adjective,307. ,"intact, whole, entire",целый 
adjective,308. ,"huge, enormous",огромный 
verb,309. ,to begin (see #413),начинать 
noun,310. ,back,спина 
adjective,311. ,"present;real, true",настоящий 
"conj, particle",312. ,"let's, though",пусть 
noun,313. ,"tongue, language",язык 
adverb,314. ,exactly,точно 
preposition,315. ,among,среди 
verb,316. ,to feel,чувствовать 
noun,317. ,heart,сердце 
verb,318. ,to lead,вести 
adverb,319. ,sometimes,иногда 
noun,320. ,boy,мальчик 
verb,321. ,"to be in time, be successful",успеть 
noun,322. ,sky,небо 
adjective,323. ,"living, live, lively",живой 
noun,324. ,death,смерть 
verb,325. ,to continue,продолжать 
noun,326. ,"girl, miss (see #524)",девушка 
noun,327. ,"shape, form, image",образ 
preposition,328. ,"to, towards, by (see #19)",ко 
verb,329. ,to forget,забыть 
preposition,330. ,around,вокруг 
noun,331. ,letter,письмо 
noun,332. ,power,власть 
adjective,333. ,black (see #456),чёрный 
verb,334. ,"to pass, go by, be over (see #543)",пройти 
verb,335. ,"to appear, show up (see #699)",появиться 
noun,336. ,air,воздух 
adjective,337. ,different,разный 
verb,338. ,to go out; nurse (see #176),выходить 
verb,339. ,to ask,просить 
noun,340. ,brother,брат 
adjective,341. ,"one's own; masterrussian, dot com",собственный 
noun,342. ,"relationship, attitude",отношение 
adverb,343. ,"then, after that",затем 
verb,344. ,to try,пытаться 
verb,345. ,"to show, display",показать 
verb,346. ,"to remember, recall",вспомнить 
noun,347. ,system,система 
cardinal number,348. ,four,четыре 
noun,349. ,"flat, apartment",квартира 
verb,350. ,"to hold, keep",держать 
misc,351. ,"also, as well, too",также 
noun,352. ,love,любовь 
noun,353. ,soldier,солдат 
adverb,354. ,where… from,откуда 
misc,355. ,"that, in order that, (See #74)",чтоб 
verb,356. ,"to call, name, (See #597)",называть 
ordinal number,357. ,third,третий 
noun,358. ,"master, boss, host",хозяин 
"preposition, particle",359. ,"like, not unlike",вроде 
verb,360. ,"to leave, go away",уходить 
verb,361. ,"to approach, come up(See #798)",подойти 
verb,362. ,"to lift, raise",поднять 
adverb,363. ,"especially, particularly",особенно 
verb,364. ,"to ask, inquire",спрашивать 
noun,365. ,"chief, head, superior",начальник 
numeral,366. ,both,оба 
verb,367. ,to throw,бросить 
noun,368. ,school,школа 
noun,369. ,"boy, fellow, guy",парень 
noun,370. ,blood,кровь 
cardinal numberinal number,371. ,twenty,двадцать 
noun,372. ,sun,солнце 
noun,373. ,week,неделя 
verb,374. ,"to send, dispatch",послать 
verb,375. ,"to be found, turn up",находиться 
noun,376. ,"guys, children",ребята 
verb,377. ,"to put, place, set",поставить 
verb,378. ,"to get up, rise, stand up",встать 
misc,379. ,"for example, for instance",например 
noun,380. ,step,шаг 
noun,381. ,"man, male",мужчина 
adverb,382. ,"alike, in like manner",равно 
noun,383. ,nose,нос 
adverb,384. ,"little, few, (See #630)",мало 
noun,385. ,attention,внимание 
noun,386. ,"captain, master",капитан 
noun,387. ,ear,ухо 
adverb,388. ,there,туда 
adverb,389. ,here,сюда 
verb,390. ,to play,играть 
verb,391. ,"to follow, come next",следовать 
verb,392. ,"to tell, narrate(See #403)",рассказать 
adjective,393. ,great,великий 
adverb,394. ,"indeed, really",действительно 
adverb,395. ,"too, too much",слишком 
adjective,396. ,heavy,тяжёлый 
verb,397. ,to sleep,спать 
verb,398. ,"to leave, abandon",оставить 
verb,399. ,"to enter, come in",войти 
adjective,400. ,long,длинный 
Part of speech,Rank ,English translation  ,Russian word  
noun,401. ,feeling,чувство 
verb,402. ,to keep silence,молчать 
verb,403. ,"to tell, narrate, (See #392)",рассказывать 
verb,404. ,"to answer, reply, (See #190)",отвечать 
verb,405. ,to stand; to become,становиться 
verb,406. ,to stop,остановиться 
noun,407. ,"bank, shore,  coast",берег 
noun,408. ,family,семья 
verb,409. ,to search,искать 
noun,410. ,general,генерал 
noun,411. ,"moment, instant",момент 
cardinal number,412. ,ten,десять 
verb,413. ,to begin(See #309),начать 
adjective,414. ,"next, following",следующий 
adjective,415. ,personal,личный 
noun,416. ,"labour, work",труд 
verb,417. ,"to believe; masterrussian, dot com",верить 
noun,418. ,group,группа 
adverb,419. ,a little,немного 
conjunction,420. ,"however, though",впрочем 
misc,421. ,"evidently, obviously",видно 
verb,422. ,to appear,являться 
noun,423. ,husband,муж 
particle,424. ,"really?, perhaps",разве 
noun,425. ,movement,движение 
noun,426. ,order,порядок 
noun,427. ,"answer, reply",ответ 
adverb,428. ,"quietly, softly, slowly",тихо 
adjective,429. ,"familiar, acquainted ",знакомый 
noun,430. ,newspaper,газета 
noun,431. ,help,помощь 
adjective,432. ,"strong, powerful",сильный 
adjective,433. ,"quick, fast",скорый 
noun,434. ,dog,собака 
noun,435. ,tree,дерево 
noun,436. ,snow,снег 
noun,437. ,dream,сон 
noun,438. ,"sense, meaning, purpose",смысл 
verb,439. ,to be able,смочь 
preposition,440. ,"against, opposite, contrary to",против 
verb,441. ,"to run, hurry",бежать 
noun,442. ,"yard, court",двор 
noun,443. ,"form, shape, uniform",форма 
adjective,444. ,"simple, easy, plain",простой 
verb,445. ,"to arrive, come",приехать 
pronoun,446. ,"different, other",иной 
verb,447. ,"to cry, shout(See #656)",кричать 
noun,448. ,"possibility, opportunity, chance",возможность 
noun,449. ,society,общество 
adjective,450. ,green,зеленый 
noun,451. ,"breast, chest",грудь 
noun,452. ,"corner, angle",угол 
verb,453. ,to open,открыть 
verb,454. ,"to happen, occur, take place",происходить 
adverb,455. ,"in harmony, well, all right",ладно 
noun,456. ,"black (as in ""she wears black"")(See #333)",черный 
noun,457. ,"century, age",век 
noun,458. ,pocket,карман 
verb of motion,459. ,"to go, ride, drive, travel",ехать 
noun,460. ,German,немец 
adverb,461. ,"probably, most likely(See #972)",наверное 
noun,462. ,lip,губа 
noun,463. ,uncle,дядя 
verb,464. ,"to come, arrive(See #253)",приходить 
adverb,465. ,often,часто 
adverb,466. ,"home(as in ""she came home"")",домой 
noun,467. ,fire,огонь 
noun,468. ,writer,писатель 
noun,469. ,army,армия 
noun,470. ,"state, condition; fortune",состояние 
noun,471. ,tooth,зуб 
noun,472. ,"line, queue, turn",очередь 
pronoun,473. ,"which (old-fashioned, literary); mostly found in set expressions: ни в ко́ем слу́чае, ни ко́им о́бразом, в кои ве́ки, на кой чёрт?",кой 
verb,474. ,"to rise, climb",подняться 
noun,475. ,stone,камень 
noun,476. ,guest,гость 
verb,477. ,"to appear, come in sight",показаться 
noun,478. ,wind,ветер 
verb,479. ,"to gather together, assemble; intend(See #981)",собираться 
verb,480. ,to hit; to find oneself,попасть 
verb,481. ,"to take, admit, accept(See #643)",принять 
adverb,482. ,"at first, from the beginning",сначала 
conjunction,483. ,or,либо 
verb,484. ,"to depart, set off",поехать 
verb,485. ,to hear,услышать 
verb,486. ,"to be able, know, can",уметь 
verb,487. ,to happen,случиться 
adjective,488. ,strange,странный 
adjective,489. ,"only, sole",единственный 
noun,490. ,company (military),рота 
noun,491. ,"law, act, statue",закон 
adjective,492. ,short,короткий 
noun,493. ,sea,море 
adjective,494. ,kind,добрый 
adjective,495. ,dark,темный 
noun,496. ,"mountain, hill",гора 
noun,497. ,"physician, doctor",врач 
noun,498. ,"border, edge; land, country",край 
verb,499. ,"to try, endeavour",стараться 
adjective,500. ,"better, best",лучший 
Part of speech,Rank ,English translation  ,Russian word  
noun,501. ,river,река 
adjective,502. ,military,военный 
noun,503. ,"measure, step",мера 
adjective,504. ,"terrible, frightful",страшный 
adverb,505. ,"quite, fully",вполне 
verb,506. ,to call,звать 
verb,507. ,"to happen, occur, take place",произойти 
preposition,508. ,forward,вперед 
adverb,509. ,slowly,медленно 
preposition,510. ,"by, near, close by",возле 
adverb,511. ,"in now way, by no means",никак 
verb,512. ,"to be occupied, engage",заниматься 
noun,513. ,"action, effect",действие 
adverb,514. ,enough; rather,довольно 
noun,515. ,thing,вещь 
adjective,516. ,necessary,необходимый 
noun,517. ,move,ход 
noun,518. ,pain,боль 
noun,519. ,"fate, fortune, destiny",судьба 
noun,520. ,"cause, reason, motive",причина 
verb,521. ,"to lay down, put down, place",положить 
adverb,522. ,"hardly, just, barely",едва 
noun,523. ,"line, boundary; trait",черта 
noun,524. ,"girl, little girl(See #326)",девочка 
adjective,525. ,"light, easy",лёгкий 
noun,526. ,hair,волос 
verb,527. ,"to buy, purchase",купить 
noun,528. ,"number, size, room, issue",номер 
adjective,529. ,main,основной 
adjective,530. ,wide,широкий 
verb,531. ,to die,умереть 
adverb,532. ,"far, far off",далеко 
adverb,533. ,badly,плохо 
noun,534. ,"head, chief",глава 
adjective,535. ,"beautiful; masterrussian, dot com",красивый 
adjective,536. ,grey; dull,серый 
verb,537. ,to drink,пить 
noun,538. ,"commander, commanding officer",командир 
adverb,539. ,usually,обычно 
noun,540. ,party,партия 
noun,541. ,"problem, issue",проблема 
noun,542. ,fear,страх 
verb,543. ,"to pass, go;study(See #334)",проходить 
adverb,544. ,"clear, clearly",ясно 
verb,545. ,"to take away, take off;photograph",снять 
noun,546. ,paper,бумага 
noun,547. ,hero,герой 
noun,548. ,"pair, couple",пара 
noun,549. ,State,государство 
noun,550. ,"village, country",деревня 
noun,551. ,speech,речь 
verb,552. ,to begin,начаться 
noun,553. ,"means, remedy",средство 
noun,554. ,"position, posture, condition, state",положение 
noun,555. ,"tie, bond; connection, relation",связь 
adverb,556. ,"quickly, fast, soon",скоро 
adjective,557. ,"small, not great",небольшой 
verb,558. ,"to present, introduce, imagine(See #586)",представлять 
adverb,559. ,tomorrow,завтра 
verb,560. ,to explain,объяснить 
adjective,561. ,"empty, hollow; idle",пустой 
verb,562. ,"to pronounce, say, utter",произнести 
adjective,563. ,human,человеческий 
verb,564. ,"to please, like",нравиться 
adverb,565. ,"once, one day",однажды 
preposition,566. ,"past, by",мимо 
adverb,567. ,"otherwise, differentlyl",иначе 
verb,568. ,"to exist, to be",существовать 
noun,569. ,class,класс 
verb,570. ,"turn out well, succeed, manage",удаться 
adjective,571. ,"thick, heavy, fat",толстый 
noun,572. ,"goal, object, target",цель 
preposition,573. ,through,сквозь 
verb,574. ,"to fit, fall; have to",прийтись 
adjective,575. ,"clean, pure",чистый 
noun,576. ,to know(See #51),знать 
noun,578. ,professor,профессор 
noun,579. ,"gentleman, Mr.",господин 
noun,580. ,"happiness, luck",счастье 
adjective,581. ,"thin, skinny; masterrussian.com",худой 
noun,582. ,spirit,дух 
noun,583. ,plan,план 
adjective,584. ,"somebody else's;strange, foreign",чужой 
noun,585. ,hall,зал 
verb,586. ,"to presetn, produce, introduce(See #558)",представить 
adjective,587. ,special,особый 
noun,588. ,"director, manager",директор 
adjective,589. ,"former, ex-",бывший 
noun,590. ,memory,память 
adjective,591. ,"near, similar; intimate",близкий 
pronoun,592. ,this,сей 
noun,593. ,"result, outcome",результат 
adjective,594. ,sick,больной 
adjective,595. ,"given, present",данный 
adverb,596. ,"to the point, at the same time",кстати 
verb,597. ,"to call, name(See #356)",назвать 
noun,598. ,"track, footprint",след 
verb,599. ,to smile(See #605),улыбаться 
noun,600. ,bottle,бутылка 
Part of speech,Rank ,English translation  ,Russian word  
adverb,601. ,with difficulty,трудно 
noun,602. ,"condition, term",условие 
preposition,603. ,before,прежде 
noun,604. ,"mind, brains, intellect",ум 
verb,605. ,to smile(See #599),улыбнуться 
noun,606. ,process,процесс 
noun,607. ,"picture, painting",картина 
preposition,608. ,instead,вместо 
adjective,609. ,"elder, senior",старший 
adverb,610. ,"easily, lightly",легко 
noun,611. ,center,центр 
adjective,612. ,"similar, like",подобный 
adverb,613. ,"as… as possible(as in ""as soon as possible"")",возможно 
preposition,614. ,"by, near",около 
verb,615. ,to laugh,смеяться 
cardinal numberinal number,616. ,hundred,сто 
noun,617. ,future,будущее 
verb,618. ,"to snatch, seize; be sufficient(See #636)",хватать  
noun,619. ,number,число 
pronoun,620. ,"any, every",всякое 
noun,621. ,ruble,рубль 
verb,622. ,to feel,почувствовать 
verb,623. ,to bring; masterrussian,принести 
noun,624. ,"faith, belief",вера 
adverb,625. ,quiet; not … at all,вовсе 
noun,626. ,"blow, stroke",удар 
noun,627. ,telephone,телефон 
noun,628. ,knee,колено 
verb,629. ,"to agree, consent",согласиться 
cardinal numberinal number,630. ,"little, few, not enough(See #384)",мало 
noun,631. ,"corridor, passage",коридор 
noun,632. ,"muzhik, man",мужик 
adjective,633. ,right,правый 
noun,634. ,author,автор 
adjective,635. ,"cold, cool",холодный 
verb,636. ,"to snatch, seize, suffice(See #618)",хватить 
pronoun,637. ,many,многие 
noun,638. ,"meeting, reception",встреча 
noun,639. ,"study, room, office suite",кабинет 
noun,640. ,document,документ 
noun,641. ,"aircraft, aeroplane",самолет 
adverb,642. ,"down, downwards",вниз 
verb,643. ,"to take, admit, accept (See #481)",принимать 
noun,644. ,"game, play",игра 
noun,645. ,story,рассказ 
noun,646. ,bread,хлеб 
noun,647. ,development,развитие 
verb,648. ,to kill,убить 
adjective,649. ,"own, native, dear",родной 
adjective,650. ,open,открытый 
adverb,651. ,less,менее 
verb,652. ,"to offer, propose, suggest",предложить 
adjective,653. ,yellow,желтый 
verb,654. ,"to fit, fall; have to",приходиться 
verb,655. ,to drink,выпить 
verb,656. ,"to cry, shout(See #447)",крикнуть 
noun,657. ,"tube, roll, pipe",трубка 
noun,658. ,enemy,враг 
verb,659. ,"to show, display",показывать 
cardinal number,660. ,two,двое 
noun,661. ,doctor,доктор 
noun,662. ,palm,ладонь 
verb,663. ,"to call, send(See #821)",вызвать 
adverb,664. ,quietly,спокойно 
verb,665. ,to ask,попросить 
noun,666. ,science,наука 
noun,667. ,lieutenant,лейтенант 
noun,668. ,"service, work",служба 
verb,669. ,"to turn out, find oneself(See #183)",оказываться 
verb,670. ,to bring,привести 
cardinal number,671. ,forty,сорок 
noun,672. ,"bill, account",счет 
verb,673. ,to return,возвращаться 
adjective,674. ,golden,золотой 
adjective,675. ,local,местный 
noun,676. ,kitchen,кухня 
adjective,677. ,"large, big, prominent",крупный 
noun,678. ,"decision, conclusion",решение 
noun,679. ,bride (See #288); young (as an adjective),молодая 
cardinal number,680. ,thirty,тридцать 
noun,681. ,"novel, romance",роман 
verb,682. ,to demand,требовать 
noun,683. ,company,компания 
adjective,684. ,frequent,частый 
adjective,685. ,Russian,российский 
adjective,686. ,working,рабочий 
verb,687. ,to lose,потерять 
noun,688. ,current,течение 
adjective,689. ,dark blue,синий 
adverb,690. ,"so much, so many",столько 
adjective,691. ,warm,теплый 
noun,692. ,"meter, metre",метр 
verb,693. ,"to reach; get, obtain",достать 
adjective,694. ,"ferreous, iron",железный 
noun,695. ,institute,институт 
verb,696. ,"to report, let know",сообщить 
noun,697. ,interes,интерес 
adjective,698. ,"usual, ordinary",обычный 
verb,699. ,"to appear, show up(See #335)",появляться 
verb,700. ,to fall,упасть 
Part of speech,Rank ,English translation  ,Russian word  
adjective,701. ,"remaining, the rest of",остальной 
noun,702. ,half,половина 
adjective,703. ,Moscow,московский 
cardinal number,704. ,six,шесть 
verb,705. ,"to come, arrive, turn out",получиться 
noun,706. ,quality,качество 
noun,707. ,"battle, fight, combat",бой 
noun,708. ,neck,шея 
adverb,709. ,out,вон 
noun,710. ,idea,идея 
adverb,711. ,"apparently, seemingly",видимо 
adverb,712. ,"enough, sufficiently",достаточно 
verb,713. ,"to accompany, set off; conduct; spend (See #973)",провести 
adjective,714. ,important,важный 
noun,715. ,grass,трава 
noun,716. ,"grandfather, old man",дед 
noun,717. ,consciousness,сознание 
noun,718. ,"parent; masterrussian, dot, com",родитель 
verb,719. ,to forgive,простить 
verb,720. ,"to beat, hit",бить 
noun,721. ,tea,чай 
adjective,722. ,late,поздний 
verb,723. ,to nod,кивнуть 
noun,724. ,"family, clan, generation",род 
verb,725. ,to disappear,исчезнуть 
adjective,726. ,thin,тонкий 
adjective,727. ,German,немецкий 
noun,728. ,sound,звук 
verb,729. ,"to return, give back",отдать 
noun,730. ,"shop, store",магазин 
noun,731. ,president; director,президент 
noun,732. ,poet,поэт 
noun,733. ,"gratitude, thanks",спасибо 
noun,734. ,"illness, sickness, disease",болезнь 
noun,735. ,event,событие 
verb,736. ,to help (See #857),помочь 
noun,737. ,skin,кожа 
noun,738. ,"leaf, sheet",лист 
verb,739. ,to send,слать 
verb,740. ,"to remember, recall",вспоминать 
adjective,741. ,"beautiful, fine",прекрасный 
noun,742. ,tear,слеза 
noun,743. ,hope,надежда 
adverb,744. ,"silently, without a word",молча 
adverb,745. ,strongly,сильно 
adjective,746. ,correct; faithful; reliable,верный 
noun,747. ,literature,литература 
noun,748. ,weapon,оружие 
adjective,749. ,ready,готовый 
noun,750. ,"smell, odour, scent",запах 
adverb,751. ,"unexpectedly, suddenly",неожиданно 
adverb,752. ,yesterday,вчера 
verb,753. ,"to take breath, to sigh",вздохнуть 
noun,754. ,role,роль 
noun,755. ,"growth, increase; height",рост 
noun,756. ,nature,природа 
adjective,757. ,political,политический 
noun,758. ,"dot, point",точка 
noun,759. ,star,звезда 
verb,760. ,to sing,петь 
verb,761. ,to sit down,садиться 
noun,762. ,surname,фамилия 
noun,763. ,"character, disposition, temper",характер 
misc,764. ,please,пожалуйста 
adverb,765. ,higher,выше 
noun,766. ,officer,офицер 
noun,767. ,crowd,толпа 
verb,768. ,"to stop, cease",перестать 
verb,769. ,"to fit, fall; have to",придтись 
noun,770. ,level,уровень 
adjective,771. ,unknown,неизвестный 
noun,772. ,armchair,кресло 
noun,773. ,"woman, wife, old woman, (See #911)",баба 
noun,774. ,a second,секунда 
verb,775. ,"to grant, bestow",пожаловать 
noun,776. ,bank,банк 
noun,777. ,experience,опыт 
adjective,778. ,"quiet, low, scelent",тихий 
misc,779. ,"so far as, since",поскольку 
noun,780. ,(high) boot,сапог 
noun,781. ,rule,правило 
noun,782. ,glass,стекло 
verb,783. ,"to receive, get (See #239)",получать 
adjective,784. ,"inside, internal",внутренний 
noun,785. ,daughter,дочь 
verb,786. ,to call oneself,называться 
verb,787. ,to hope,надеяться 
noun,788. ,"member, limb",член 
verb,789. ,"to stretch, extend",протянуть 
adjective,790. ,State,государственный 
noun,791. ,"ten, dozens",десяток 
adjective,792. ,deep,глубокий 
noun,793. ,flower,цветок 
misc,794. ,"ah!, oh!",ах 
noun,795. ,wish,желание 
noun,796. ,rain,дождь 
preposition,797. ,"before, in front of",впереди 
verb,798. ,"to come up, approach;to fit(See #361)",подходить 
adverb,799. ,"many, much, a lot of(See #187)",много 
noun,800. ,forehead,лоб 
Part of speech,Rank ,English translation  ,Russian word  
noun,801. ,smile,улыбка 
noun,802. ,"fight, struggle",борьба 
noun,803. ,collar,ворот 
noun,804. ,"box, case",ящик 
noun,805. ,"floor, storey",этаж 
verb,806. ,to serve,служить 
adverb,807. ,"again, once more",вновь 
adjective,808. ,"blue, sky-blue",голубой 
misc,809. ,"there is nothing, there is no need",нечего 
noun,810. ,revolution,революция 
adverb,811. ,for the first time,впервые 
noun,812. ,neighbour,сосед 
noun,813. ,sister,сестра 
adjective,814. ,long,долгий 
pronoun,815. ,whose,чей 
verb,816. ,to believe,поверить 
noun,817. ,situation,ситуация 
verb,818. ,"to look, give a glance",взглянуть 
adjective,819. ,weak,слабый 
noun,820. ,quantity,количество 
verb,821. ,"to call, send",вызывать (See #663) 
adjective,822. ,"confident, sure",уверенный 
noun,823. ,exit,выход 
noun,824. ,"advice; masterrussian, dot com",совет 
noun,825. ,"fool, idiot",дурак 
adjective,826. ,"dear, loved",любимый 
noun,827. ,"union, alliance; conjunction",союз 
noun,828. ,summer,лето 
verb,829. ,to expect,ожидать 
adjective,830. ,"alien, strange",пришлый 
verb,831. ,to hang,висеть 
noun,832. ,border,граница 
noun,833. ,"colour, color",цвет 
adjective,834. ,serious,серьезный 
verb,835. ,"to create, establish",создать 
adverb,836. ,interestingly,интересно 
noun,837. ,freedom,свобода 
conjunction,838. ,"but, but then",зато 
noun,839. ,chair,стул 
verb,840. ,"to leave, depart",уехать 
noun,841. ,train,поезд 
noun,842. ,music,музыка 
adjective,843. ,"quick, fast",быстрый 
noun,844. ,shadow,тень 
noun,845. ,horse,лошадь 
noun,846. ,field,поле 
verb,847. ,to look,выглядеть 
verb,848. ,"to study, learn",учиться 
adjective,849. ,left,левый 
verb,850. ,"to talk, speak",разговаривать 
adjective,851. ,"child's, children's",детский 
noun,852. ,"type, model",тип 
noun,853. ,"court, law-court",суд 
adjective,854. ,"related, connected, tied-up",связанный 
adjective,855. ,hot,горячий 
noun,856. ,"square, area",площадь 
verb,857. ,"to help, assist(See #736)",помогать 
adjective,858. ,happy,счастливый 
verb,859. ,to turn,повернуться 
verb,860. ,"to allow, permit",позволить 
verb,861. ,to meet,встретить 
noun,862. ,"gladness, joy",радость 
adjective,863. ,sharp; spicy,острый 
noun,864. ,age,возраст 
noun,865. ,"organ, body",орган 
noun,866. ,map,карта 
verb,867. ,"to enter, come in",входить 
verb,868. ,"to discover, find out",обнаружить 
noun,869. ,king,король 
noun,870. ,"glory, fame",слава 
noun,871. ,colonel,полковник 
adjective,872. ,"shallow, small",мелкий 
noun,873. ,"side, flank",бок 
noun,874. ,price,цена 
noun,875. ,information,информация 
noun,876. ,brain,мозг 
noun,877. ,pleasure,удовольствие 
noun,878. ,will,воля 
noun,879. ,"oblast, province; field",область 
noun,880. ,roof,крыша 
verb,881. ,to carry,нести 
adverb,882. ,"back, backwards",обратно 
adjective,883. ,"contemporary, modern, up-to-date",современный 
noun,884. ,"lady, partner, queen",дама 
cardinal number,885. ,seven,семь 
adjective,886. ,"cheerful, merry",веселый 
verb,887. ,to send,прислать 
noun,888. ,"garden, yard",сад 
noun,889. ,government,правительство 
adjective,890. ,"nice, sweet, dear",милый 
verb,891. ,"to treat, regard, relate",относиться 
verb,892. ,"to arise, appear(See #951)",возникать 
misc,893. ,"he says, they say, etc.",мол 
verb,894. ,to repeat,повторить 
noun,895. ,"name, title",название 
adjective,896. ,"average, middle",средний 
noun,897. ,example,пример 
adverb,898. ,impossible,невозможно 
noun,899. ,mirror,зеркало 
verb,900. ,"to perish, be killed",погибнуть 
Part of speech,Rank ,English translation  ,Russian word  
adjective,901. ,American,американский 
noun,902. ,smoke,дым 
verb,903. ,to burn,гореть 
verb,904. ,to cry,плакать 
adverb,905. ,"very, highly, greatly",весьма 
noun,906. ,fact,факт 
verb,907. ,to move,двигаться 
noun,908. ,fish,рыба 
verb,909. ,to add,добавить 
verb,910. ,"to wonder, be surprised",удивиться 
noun,911. ,grandmother(See #773),бабушка 
noun,912. ,wine,вино 
conjunction,913. ,for,ибо 
noun,914. ,"teacher, instructor",учитель 
verb,915. ,to act,действовать 
adverb,916. ,"carefully, cautiously",осторожно 
noun,917. ,"circle; masterrussian, dot com",круг 
noun,918. ,"dad, daddy(See #165)",папа 
adverb,919. ,"correctly, properly",правильно 
adverb,920. ,"recently, lately",недавно 
verb,921. ,"to hold on, behave",держаться 
adverb,922. ," moreover, and what's more",причем 
verb,923. ,to fly,лететь 
verb,924. ,to wear,носить 
noun,925. ,"occasion, reason; bridle",повод 
noun,926. ,camp,лагерь 
noun,927. ,bird,птица 
noun,928. ,ship,корабль 
noun,929. ,opinion,мнение 
adjective,930. ,night,ночной 
adjective,931. ,healthy,здоровый 
noun,932. ,winter,зима 
adjective,933. ,dry,сухой 
noun,934. ,"kilometre, kilometer",километр 
noun,935. ,bed,кровать 
verb,936. ,"to get used to, to grow accustomed to",привыкнуть 
pronoun,937. ,"et cetera, other",прочее 
adjective,938. ,free,свободный 
noun,939. ,staircase,лестница 
particle,940. ,"really, surely",неужели 
adverb,941. ,"without fail, be sure",обязательно 
adverb,942. ,"up, upwards",вверх 
noun,943. ,childhood,детство 
noun,944. ,island,остров 
noun,945. ,article,статья 
verb,946. ,"to call, to telephone",позвонить 
adverb,947. ,so,столь 
verb,948. ,"to interfere, prevent; mix",мешать 
noun,949. ,vodka,водка 
noun,950. ,darkness,темнота 
verb,951. ,"to arise, spring up(See #892)",возникнуть 
adjective,952. ,capable (of),способный 
noun,953. ,station,станция 
verb,954. ,to wish,желать 
verb,955. ,"to try, test",попробовать 
verb,956. ,to come out,получаться 
noun,957. ,citizen,гражданин 
adverb,958. ,strangely,странно 
adverb,959. ,"soon, shortly",вскоре 
adjective,960. ,interesting,интересный 
noun,961. ,team; command,команда 
noun,962. ,"disease, illness",заболевание 
noun,963. ,"stomach, belly",живот 
verb,964. ,"to put, place, set",ставить 
preposition,965. ,for the sake of,ради 
noun,966. ,"silence, stillness",тишина 
adverb,967. ,"clearly, plainly",понятно 
noun,968. ,front,фронт 
noun,969. ,cheek,щека 
adverb,970. ,"terribly, awfully",страшно 
noun,971. ,"area, region",район 
adverb,972. ,probably(See #461),наверно 
verb,973. ,"to lead, escort; accompany(See #713)",проводить 
noun,974. ,expression,выражение 
adverb,975. ,slightly,слегка 
noun,976. ,"bag, sack",мешок 
verb,977. ,to promise,обещать 
adjective,978. ,on the way,дорогой 
verb,979. ,"to judge, try",судить 
noun,980. ,majority,большинство 
verb,981. ,"to gather, collect(See #479)",собраться 
noun,982. ,"operation, control",управление 
verb,983. ,to prick,колоть 
adjective,984. ,wet,мокрый 
noun,985. ,order,приказ 
adjective,986. ,straight,прямой 
verb,987. ,"to shout, cry out",закричать 
verb,988. ,to end,кончиться 
noun,989. ,bush,куст 
verb,990. ,to shoot,стрелять 
noun,991. ,"painter, artist",художник 
noun,992. ,sign,знак 
noun,993. ,factory,завод 
noun,994. ,fist,кулак 
verb,995. ,"to use, utilize, make use of",использовать 
noun,996. ,glass,стакан 
verb,997. ,to smell,пахнуть 
adverb,998. ,from here,отсюда 
noun,999. ,mouth,рот 
misc,1000. ,"it's time;at times, now and then(See #279)",пора 
